USE registro_gpon_db;

INSERT INTO Rol(Descripcion) VALUES
('BackOffice'),
('Consultor'),
('Supervisor'),
('Administrador');

INSERT INTO Usuario (IdRol, Nombre, Apellido, Correo, Contrasena, Activo) VALUES
(1, 'Juan', 'Pérez', 'juan.perez@example.com', 'clave123', TRUE),
(2, 'María', 'Gómez', 'maria.gomez@example.com', 'mariag2023', TRUE),
(1, 'Carlos', 'Ramírez', 'carlos.ramirez@example.com', 'passw0rd', FALSE),
(3, 'Ana', 'Torres', 'ana.torres@example.com', 'torres456', TRUE),
(2, 'Luis', 'Martínez', 'luis.martinez@example.com', 'lmartinez!', FALSE),
(1, 'Lucía', 'Fernández', 'lucia.fernandez@example.com', 'lucia12', TRUE),
(2, 'Pedro', 'Sánchez', 'pedro.sanchez@example.com', 'pedro123', TRUE),
(3, 'Laura', 'Morales', 'laura.morales@example.com', 'lauram!23', FALSE),
(4, 'Jorge', 'Cruz', 'jorge.cruz@example.com', 'jorge2023', TRUE),
(2, 'Elena', 'Vega', 'elena.vega@example.com', 'elena456', FALSE),
(1, 'Diego', 'Castillo', 'diego.castillo@example.com', 'castilloD', TRUE),
(3, 'Sofía', 'Herrera', 'sofia.herrera@example.com', 'sofiaH23', TRUE),
(2, 'Mateo', 'Flores', 'mateo.flores@example.com', 'flores@12', FALSE),
(1, 'Valentina', 'Rojas', 'valentina.rojas@example.com', 'valenR2025', TRUE),
(3, 'Andrés', 'Navarro', 'andres.navarro@example.com', 'navarro12', TRUE),
(4, 'Camila', 'Silva', 'camila.silva@example.com', 'camilaS', FALSE),
(1, 'Sebastián', 'Ibarra', 'sebastian.ibarra@example.com', 'sibarra!', TRUE),
(2, 'Daniela', 'Paredes', 'daniela.paredes@example.com', 'danielaP', TRUE),
(3, 'Gonzalo', 'Castañeda', 'gonzalo.castaneda@example.com', 'gcast2024', FALSE),
(4, 'Natalia', 'Mendoza', 'natalia.mendoza@example.com', 'nataliaM', TRUE);

INSERT INTO Cliente (DniCliente, Ruc, Nombre, Apellido, Telefono, Activo) VALUES
('12345678', '20123456789', 'Juan', 'Pérez', '987654321', TRUE),
('23456789', '20456789123', 'María', 'Gómez', '912345678', TRUE),
('34567890', '20567891234', 'Carlos', 'Ramírez', '923456789', FALSE),
('45678901', '20678912345', 'Ana', 'Torres', '934567890', TRUE),
('56789012', '20789123456', 'Luis', 'Martínez', '945678901', FALSE),
('67890123', '20891234567', 'Lucía', 'Fernández', '956789012', TRUE),
('78901234', '20912345678', 'Pedro', 'Sánchez', '967890123', TRUE),
('89012345', '20123456780', 'Laura', 'Morales', '978901234', FALSE),
('90123456', '20234567891', 'Jorge', 'Cruz', '989012345', TRUE),
('01234567', '20345678912', 'Elena', 'Vega', '900123456', FALSE),
('13579246', '20456789124', 'Diego', 'Castillo', '911234567', TRUE),
('24681357', '20567891235', 'Sofía', 'Herrera', '922345678', TRUE),
('35792468', '20678912346', 'Mateo', 'Flores', '933456789', FALSE),
('46813579', '20789123457', 'Valentina', 'Rojas', '944567890', TRUE),
('57924680', '20891234568', 'Andrés', 'Navarro', '955678901', TRUE),
('68035791', '20912345679', 'Camila', 'Silva', '966789012', FALSE),
('79146802', '20123456781', 'Sebastián', 'Ibarra', '977890123', TRUE),
('80257913', '20234567892', 'Daniela', 'Paredes', '988901234', TRUE),
('91368024', '20345678913', 'Gonzalo', 'Castañeda', '999012345', FALSE),
('02479135', '20456789125', 'Natalia', 'Mendoza', '901123456', TRUE),
('11112222', '20111122221', 'Carlos', 'Aguilar', '901100001', TRUE),
('22223333', '20222233332', 'Mónica', 'Reyes', '902200002', FALSE),
('33334444', '20333344443', 'Lucía', 'Salas', '903300003', TRUE),
('44445555', '20444455554', 'Martín', 'Paredes', '904400004', FALSE),
('55556666', '20555566665', 'Sandra', 'Lozano', '905500005', TRUE),
('66667777', '20666677776', 'Jorge', 'Ibáñez', '906600006', FALSE),
('77778888', '20777788887', 'Rosa', 'Vargas', '907700007', TRUE),
('88889999', '20888899998', 'Luis', 'Gallardo', '908800008', TRUE),
('99990000', '20999900009', 'Carmen', 'Mora', '909900009', FALSE),
('00001111', '20000011110', 'Daniel', 'Guzmán', '900000010', TRUE),
('10101010', '20101010101', 'Erika', 'Zapata', '910101010', FALSE),
('20202020', '20202020202', 'Alonso', 'Quispe', '920202020', TRUE),
('30303030', '20303030303', 'Fátima', 'Núñez', '930303030', FALSE),
('40404040', '20404040404', 'Renzo', 'Delgado', '940404040', TRUE),
('50505050', '20505050505', 'Pamela', 'Cruz', '950505050', TRUE),
('60606060', '20606060606', 'Gerardo', 'Vásquez', '960606060', FALSE),
('70707070', '20707070707', 'Tatiana', 'Cáceres', '970707070', TRUE),
('80808080', '20808080808', 'Óscar', 'Arce', '980808080', FALSE),
('90909090', '20909090909', 'Lidia', 'Montes', '990909090', TRUE),
('11223344', '20112233445', 'Raúl', 'Campos', '911223344', TRUE);

INSERT INTO Plan (Descripcion, Activo) VALUES
('Plan Básico 30 Mbps', TRUE),
('Plan Familiar 50 Mbps', TRUE),
('Plan Avanzado 100 Mbps', TRUE),
('Plan Gamer 200 Mbps', TRUE),
('Plan Corporativo 300 Mbps', FALSE),
('Plan Pyme 150 Mbps', TRUE),
('Plan Plus 120 Mbps', TRUE),
('Plan Estudiantil 40 Mbps', TRUE),
('Plan Streaming 80 Mbps', FALSE),
('Plan Premium 500 Mbps', TRUE);

INSERT INTO Promocion (Descripcion, Activo) VALUES 
('Descuento cargo fijo 30% x 3 meses', TRUE),
('Descuento cargo fijo 50% x 2 meses', TRUE),
('Primer mes gratis', FALSE),
('Instalación sin costo', TRUE),
('Plan doble velocidad por 1 mes', FALSE),
('Descuento de S/40 por fidelidad', TRUE),
('3 meses con 20% de descuento', TRUE),
('Descuento total S/60 por pronto pago', FALSE),
('Bonificación adicional por cambio de operador', TRUE),
('Promoción exclusiva zona norte: 25% x 3 meses', TRUE),
('Combo: internet + teléfono con 15% x 6 meses', FALSE),
('Tarifa preferencial por derivación de cliente', TRUE),
('Cliente antiguo: upgrade gratis por 1 mes', TRUE),
('Descuento por campaña escolar: 35% x 2 meses', FALSE),
('Promoción navideña: 2 meses con 50% de descuento', TRUE),
('Descuento por registro web: S/30 menos', TRUE),
('Plan plus a precio de plan base x 1 mes', FALSE),
('Sin recargo por reconexión en primera factura', TRUE),
('Instalación express gratuita', FALSE),
('Campaña especial GPON: 3 meses con 40% off', TRUE);

INSERT INTO Distrito (NombreDistrito) VALUES
('Ancón'), ('Ate'), ('Barranco'), ('Breña'), ('Carabayllo'),
('Chaclacayo'), ('Chorrillos'), ('Cieneguilla'), ('Comas'), ('El Agustino'),
('Independencia'), ('Jesús María'), ('La Molina'), ('La Victoria'), ('Lima'),
('Lince'), ('Los Olivos'), ('Lurigancho'), ('Lurín'), ('Magdalena del Mar'),
('Miraflores'), ('Pachacámac'), ('Pucusana'), ('Pueblo Libre'), ('Puente Piedra'),
('Punta Hermosa'), ('Punta Negra'), ('Rímac'), ('San Bartolo'), ('San Borja'),
('San Isidro'), ('San Juan de Lurigancho'), ('San Juan de Miraflores'), ('San Luis'),
('San Martín de Porres'), ('San Miguel'), ('Santa Anita'), ('Santa María del Mar'),
('Santa Rosa'), ('Santiago de Surco'), ('Surquillo'), ('Villa El Salvador'),
('Villa María del Triunfo');

INSERT INTO Sector (NombreSector) VALUES
('Cercado de Lima'), ('La Molina'), ('Miraflores'), ('San Borja'), ('San Isidro'),
('San Miguel'), ('Santiago de Surco'), ('Modern San Isidro'), ('Barrio de Surco'),
('Centro Histórico (Rímac)'), ('Puente Piedra'), ('Villa El Salvador'),
('San Juan de Lurigancho'), ('Comas'), ('Lince'), ('La Victoria'), ('Ate'),
('Chorrillos'), ('Los Olivos'), ('San Martín de Porres'), ('El Agustino'),
('Pueblo Libre'), ('Magdalena del Mar'), ('San Juan de Miraflores'), ('Barranco');

INSERT INTO EstadoRegistro(Descripcion) VALUES
('Pendiente instalación'),
('Anulado'),
('Observado'),
('Alta por baja'),
('Sin C.E.'),
('Pagado'),
('Sin disponibilidad'),
('Instalado'),
('Sin cobertura');

INSERT INTO ContactoPrincipal (NombreContacto, Dni, Telefono, Correo) VALUES
('Juan Pérez', '12345678', '987654321', 'juan.perez@example.com'),
('María Gómez', '23456789', '912345678', 'maria.gomez@example.com'),
('Carlos Ramírez', '34567890', '923456789', 'carlos.ramirez@example.com'),
('Ana Torres', '45678901', '934567890', 'ana.torres@example.com'),
('Luis Martínez', '56789012', '945678901', 'luis.martinez@example.com'),
('Lucía Fernández', '67890123', '956789012', 'lucia.fernandez@example.com'),
('Pedro Sánchez', '78901234', '967890123', 'pedro.sanchez@example.com'),
('Laura Morales', '89012345', '978901234', 'laura.morales@example.com'),
('Jorge Cruz', '90123456', '989012345', 'jorge.cruz@example.com'),
('Elena Vega', '01234567', '900123456', 'elena.vega@example.com');

INSERT INTO ContactoSecundario (NombreContacto, Dni, Telefono, Correo) VALUES
('Rosa Ruiz', '12312312', '911223344', 'rosa.ruiz@example.com'),
('Mario Silva', '23423423', '922334455', 'mario.silva@example.com'),
('Diana López', '34534534', '933445566', 'diana.lopez@example.com'),
('Ricardo Torres', '45645645', '944556677', 'ricardo.torres@example.com'),
('Carmen Soto', '56756756', '955667788', 'carmen.soto@example.com');

INSERT INTO Cronograma (UbicacionInstalacion, RangoInstalacion, FechaRegistro, FechaInstalacion) VALUES
('Av. La Marina 123, San Miguel', 'tarde', '2025-01-10', '2025-01-12'),
('Jr. Los Olivos 456, Surco', 'manana', '2025-02-11', '2025-02-13'),
('Calle Ficticia 789, Miraflores', 'tarde', '2025-03-12', '2025-03-14'),
('Pasaje Central 101, La Molina', 'tarde', '2025-04-12', '2025-04-13'),
('Av. Siempre Viva 742, San Isidro', 'manana', '2025-05-11', '2025-05-11'),
('Calle Las Flores 100, Barranco', 'tarde', '2025-06-10', '2025-06-11');

INSERT INTO RegistroRUC10 (
    IdUsuarioConsultor, IdUsuarioSupervisor, DniCliente,
    IdContactoPrincipal, IdContactoSecundario, IdPlan, IdPromocion, IdCronograma,
    IdEstado, IdDistrito,
    IdSolicitud, IdInstalacion, IdCarrito, Observacion
) VALUES
(2, 4, '12345678', 1, 1, 3, 1, 1, 1, 1, 'ENE001', '763952700', 'CSE00010001', 'Instalación programada exitosamente.'),
(3, 5, '23456789', 2, 2, 7, 1, 1, 2, 2, 'ENE002', '763952701', 'CSE00010002', 'Cliente solicitó cambio de horario.'),
(4, 6, '34567890', 3, 3, 4, 1, 2, 3, 3, 'FEB001', '763952702', 'CSE00020001', 'Confirmado por llamada telefónica.'),
(5, 7, '45678901', 4, 4, 9, 1, 2, 2, 4, 'FEB002', '763952703', 'CSE00020002', 'Cliente ausente, reprogramar.'),
(6, 8, '56789012', 5, 5, 5, 1, 2, 1, 1, 'FEB003', '763952704', 'CSE00020003', 'Dirección modificada por cliente.'),
(7, 9, '67890123', 1, 1, 2, 1, 3, 4, 5, 'MAR001', '763952705', 'CSE00030001', 'Instalador en camino.'),
(8, 10, '78901234', 2, 2, 8, 1, 3, 5, 6, 'MAR002', '763952706', 'CSE00030002', 'Confirmación vía WhatsApp.'),
(9, 11, '89012345', 3, 3, 4, 1, 3, 6, 7, 'MAR003', '763952707', 'CSE00030003', 'Cliente desea más información.'),
(10, 12, '90123456', 4, 4, 10, 1, 4, 2, 8, 'ABR001', '763952708', 'CSE00040001', 'Cliente reagendó por emergencia.'),
(11, 13, '01234567', 5, 5, 6, 1, 4, 1, 9, 'ABR002', '763952709', 'CSE00040002', 'Instalación cancelada.'),
(12, 14, '13579246', 1, 1, 3, 1, 5, 3, 10, 'MAY001', '763952710', 'CSE00050001', 'Cliente respondió encuesta.'),
(13, 15, '24681357', 2, 2, 7, 1, 5, 1, 11, 'MAY002', '763952711', 'CSE00050002', 'Todo conforme, instalación finalizada.'),
(14, 16, '35792468', 3, 3, 5, 1, 6, 5, 12, 'JUN001', '763952712', 'CSE00060001', 'Cliente sin respuesta aún.'),
(15, 17, '46813579', 4, 4, 9, 1, 6, 4, 13, 'JUN002', '763952713', 'CSE00060002', 'Sector con cobertura parcial.'),
(16, 18, '57924680', 5, 5, 2, 1, 6, 1, 14, 'JUN003', '763952714', 'CSE00060003', 'Confirmado por correo electrónico.'),
(2, 3, '68035791', 6, 1, 8, 1, 1, 7, 15, 'ENE003', '763952715', 'CSE00010003', 'Cliente requiere validación técnica.'),
(5, 8, '79146802', 7, 2, 4, 1, 1, 8, 16, 'ENE004', '763952716', 'CSE00010004', 'Instalación completada satisfactoriamente.'),
(7, 12, '80257913', 8, 3, 6, 1, 1, 9, 17, 'ENE005', '763952717', 'CSE00010005', 'Zona sin cobertura de fibra óptica.'),
(10, 15, '91368024', 9, 4, 10, 1, 1, 6, 18, 'ENE006', '763952718', 'CSE00010006', 'Pago procesado correctamente.'),
(13, 19, '02479135', 10, 5, 5, 1, 1, 4, 19, 'ENE007', '763952719', 'CSE00010007', 'Cliente migra desde otro proveedor.'),
(18, 4, '11112222', 1, 1, 3, 1, 1, 5, 20, 'ENE008', '763952720', 'CSE00010008', 'Pendiente entrega de comprobante.'),
(2, 6, '22223333', 2, 2, 7, 1, 1, 3, 21, 'ENE009', '763952721', 'CSE00010009', 'Documentación incompleta.'),
(7, 9, '33334444', 3, 3, 8, 1, 1, 1, 22, 'ENE010', '763952722', 'CSE00010010', 'Coordinar nueva fecha de instalación.'),
(5, 11, '44445555', 4, 4, 9, 1, 2, 2, 23, 'FEB004', '763952723', 'CSE00020004', 'Servicio anulado por cliente.'),
(8, 14, '55556666', 5, 5, 2, 1, 2, 8, 24, 'FEB005', '763952724', 'CSE00020005', 'Servicio activado correctamente.'),
(12, 17, '66667777', 6, 1, 8, 1, 2, 7, 25, 'FEB006', '763952725', 'CSE00020006', 'Requiere evaluación de infraestructura.'),
(15, 20, '77778888', 7, 2, 4, 1, 2, 6, 26, 'FEB007', '763952726', 'CSE00020007', 'Facturación al día.'),
(2, 5, '88889999', 8, 3, 6, 1, 2, 3, 27, 'FEB008', '763952727', 'CSE00020008', 'Cliente presenta observaciones técnicas.'),
(6, 8, '99990000', 9, 4, 10, 1, 2, 5, 28, 'FEB009', '763952728', 'CSE00020009', 'Falta certificado de instalación.'),
(10, 12, '00001111', 10, 5, 7, 1, 2, 9, 29, 'FEB010', '763952729', 'CSE00020010', 'Área sin disponibilidad de servicio.'),
(13, 16, '10101010', 1, 1, 5, 1, 2, 4, 30, 'FEB011', '763952730', 'CSE00020011', 'Reemplaza servicio anterior.'),
(18, 19, '20202020', 2, 2, 7, 1, 2, 1, 31, 'FEB012', '763952731', 'CSE00020012', 'Programación inicial confirmada.'),
(3, 7, '30303030', 3, 3, 3, 1, 3, 7, 32, 'MAR004', '763952732', 'CSE00030004', 'Evaluación de factibilidad técnica.'),
(9, 13, '40404040', 4, 4, 9, 1, 3, 8, 33, 'MAR005', '763952733', 'CSE00030005', 'Instalación finalizada exitosamente.'),
(14, 18, '50505050', 5, 5, 2, 1, 3, 2, 34, 'MAR006', '763952734', 'CSE00030006', 'Cliente canceló el servicio.'),
(2, 4, '60606060', 6, 1, 8, 1, 3, 9, 35, 'MAR007', '763952735', 'CSE00030007', 'Sin cobertura en la zona solicitada.'),
(7, 11, '70707070', 7, 2, 4, 1, 3, 3, 36, 'MAR008', '763952736', 'CSE00030008', 'Revisión de documentos pendiente.'),
(12, 15, '80808080', 8, 3, 6, 1, 3, 1, 37, 'MAR009', '763952737', 'CSE00030009', 'Instalación en proceso de coordinación.'),
(16, 20, '90909090', 9, 4, 10, 1, 3, 6, 38, 'MAR010', '763952738', 'CSE00030010', 'Cuenta regularizada y activa.'),
(5, 6, '11223344', 10, 5, 9, 1, 3, 4, 39, 'MAR011', '763952739', 'CSE00030011', 'Servicio de reemplazo activado.'),
(8, 10, '12345678', 1, 1, 5, 1, 4, 5, 40, 'ABR003', '763952740', 'CSE00040003', 'Certificado de instalación pendiente.'),
(11, 14, '23456789', 2, 2, 7, 1, 4, 8, 41, 'ABR004', '763952741', 'CSE00040004', 'Servicio operativo sin inconvenientes.'),
(17, 19, '34567890', 3, 3, 3, 1, 4, 7, 42, 'ABR005', '763952742', 'CSE00040005', 'Validación técnica en progreso.'),
(3, 9, '45678901', 4, 4, 9, 1, 4, 6, 43, 'ABR006', '763952743', 'CSE00040006', 'Servicio facturado correctamente.'),
(6, 13, '56789012', 5, 5, 2, 1, 4, 3, 1, 'ABR007', '763952744', 'CSE00040007', 'Documentación requiere corrección.'),
(15, 18, '67890123', 6, 1, 8, 1, 4, 9, 2, 'ABR008', '763952745', 'CSE00040008', 'Zona sin disponibilidad de red.'),
(2, 7, '78901234', 7, 2, 4, 1, 4, 4, 3, 'ABR009', '763952746', 'CSE00040009', 'Migración desde competencia completada.'),
(9, 12, '89012345', 8, 3, 6, 1, 4, 1, 4, 'ABR010', '763952747', 'CSE00040010', 'Agenda de instalación confirmada.'),
(14, 16, '90123456', 9, 4, 10, 1, 4, 2, 5, 'ABR011', '763952748', 'CSE00040011', 'Solicitud anulada por duplicidad.'),
(4, 8, '01234567', 10, 5, 3, 1, 5, 7, 6, 'MAY003', '763952749', 'CSE00050003', 'Inspección técnica programada.'),
(10, 11, '13579246', 1, 1, 5, 1, 5, 8, 7, 'MAY004', '763952750', 'CSE00050004', 'Instalación completada exitosamente.'),
(16, 17, '24681357', 2, 2, 7, 1, 5, 6, 8, 'MAY005', '763952751', 'CSE00050005', 'Servicio activado y facturado.'),
(5, 20, '35792468', 3, 3, 3, 1, 5, 9, 9, 'MAY006', '763952752', 'CSE00050006', 'Sin cobertura fibra óptica disponible.'),
(7, 4, '46813579', 4, 4, 9, 1, 5, 2, 10, 'MAY007', '763952753', 'CSE00050007', 'Cliente desistió del servicio.'),
(11, 6, '57924680', 5, 5, 2, 1, 5, 4, 11, 'MAY008', '763952754', 'CSE00050008', 'Proceso de portabilidad en curso.'),
(18, 9, '68035791', 6, 1, 8, 1, 5, 5, 12, 'MAY009', '763952755', 'CSE00050009', 'Comprobante de instalación faltante.'),
(3, 13, '79146802', 7, 2, 4, 1, 5, 3, 13, 'MAY010', '763952756', 'CSE00050010', 'Observaciones técnicas registradas.'),
(8, 15, '80257913', 8, 3, 6, 1, 5, 1, 14, 'MAY011', '763952757', 'CSE00050011', 'Instalación reagendada por cliente.'),
(6, 10, '91368024', 9, 4, 10, 1, 6, 8, 15, 'JUN004', '763952758', 'CSE00060004', 'Servicio instalado y operativo.'),
(12, 14, '02479135', 10, 5, 1, 1, 6, 7, 16, 'JUN005', '763952759', 'CSE00060005', 'Evaluación de infraestructura necesaria.'),
(17, 19, '11112222', 1, 1, 5, 1, 6, 6, 17, 'JUN006', '763952760', 'CSE00060006', 'Pago confirmado y procesado.'),
(4, 7, '22223333', 2, 2, 7, 1, 6, 2, 18, 'JUN007', '763952761', 'CSE00060007', 'Servicio anulado por duplicidad.'),
(9, 11, '33334444', 3, 3, 3, 1, 6, 3, 19, 'JUN008', '763952762', 'CSE00060008', 'Documentación bajo revisión.'),
(13, 16, '44445555', 4, 4, 9, 1, 6, 9, 20, 'JUN009', '763952763', 'CSE00060009', 'Área geográfica sin cobertura.'),
(18, 20, '55556666', 5, 5, 2, 1, 6, 4, 21, 'JUN010', '763952764', 'CSE00060010', 'Cambio de proveedor completado.'),
(2, 5, '66667777', 6, 1, 8, 1, 6, 1, 22, 'JUN011', '763952765', 'CSE00060011', 'Cita de instalación pendiente.'),
(7, 8, '77778888', 7, 2, 4, 1, 6, 5, 23, 'JUN012', '763952766', 'CSE00060012', 'Falta certificado de instalación eléctrica.'),
(15, 12, '88889999', 8, 3, 6, 1, 6, 8, 24, 'JUN013', '763952767', 'CSE00060013', 'Instalación ejecutada correctamente.');